CATEGORY,NAME,NUMBER,LABEL,BASE RESPONDEN
,NOBAY,,WAVE,
,NO_BASE,,No Quesioner BASELINE,
,NO_NEW,,No Quesioner ENDLINE,
,SFL_WAVE,,Wave,
,SFL_PROV,,Provinsi,
,SFL_CAT,,Kategori,
,SFL_AGE,,Kelompok usia,
,SFL_STUDY,,Level pendidikan ditamatkan,
,SFL_SES,,Pendapatan rutin rumah tangga per bulan (SES),
,SFL_AREA,,Status Area,
,SFL_GENDER,,Jenis kelamin,
,SSQ4,S4,"Termasuk dengan diri B/I/S sendiri, ada berapa orang Penduduk Indonesia, berusia 17 tahun 1 bulan ke atas, yang saat ini tinggal di rumah tangga ini",
,SSQ5,S5,(Pewawancara: Catat jumlah total orang dewasa yang berusia 17 tahun 1 bulan keatas dari Kish Grid di atas),
,SSQ6,S6,"Partisipasi B/I/S dalam survey ini bersifat sukarela. B/I/S tidak perlu menjawab setiap pertanyaan, tidak ada jawaban yang benar dan salah dan jawaban B/I/S akan kami jaga dengan penuh kerahasiaan. Apakah B/I/S bersedia berpartisipasi dalam survei ini?",
PERSEPSI TERHADAP PENTINGNYA DILAKUKAN & MENGIKUTI PEMILU/PEMILUKADA,SMQ11,1a,(DPR/Dewan Perwakilan Rakyat) Apakah B/I/S pernah mendengar nama lembaga/instansi,Base : Semua responden (n : xx)
PERSEPSI TERHADAP PENTINGNYA DILAKUKAN & MENGIKUTI PEMILU/PEMILUKADA,SMQ12,1b,(DPD/Dewan Perwakilan Daerah) Apakah B/I/S pernah mendengar nama lembaga/instansi,Base : Semua responden (n : xx)
PERSEPSI TERHADAP PENTINGNYA DILAKUKAN & MENGIKUTI PEMILU/PEMILUKADA,SMQ13,1c,(Gubernur) Apakah B/I/S pernah mendengar nama lembaga/instansi,Base : Semua responden (n : xx)
PERSEPSI TERHADAP PENTINGNYA DILAKUKAN & MENGIKUTI PEMILU/PEMILUKADA,SMQ14,1d,(Bupati/Walikota) Apakah B/I/S pernah mendengar nama lembaga/instansi,Base : Semua responden (n : xx)
PERSEPSI TERHADAP PENTINGNYA DILAKUKAN & MENGIKUTI PEMILU/PEMILUKADA,SMQ15,2a,"(Pemilihan anggota DPR (Dewan Perwakilan Rakyat), yaitu pemilihan yang diikuti oleh partai politik) Apakah B/I/S pernah mendengar adanya",Base : Responden yang pernah mendengar nama lembaga DPR/DPRD (n : xx)
PERSEPSI TERHADAP PENTINGNYA DILAKUKAN & MENGIKUTI PEMILU/PEMILUKADA,SMQ16,2b,(Pemilihan anggota DPD/Dewan Perwakilan Daerah) Apakah B/I/S pernah mendengar adanya,Base : Responden yang pernah mendengar nama lembaga DPD (n : xx)
PERSEPSI TERHADAP PENTINGNYA DILAKUKAN & MENGIKUTI PEMILU/PEMILUKADA,SMQ17,2c,(Pemilihan Gubernur) Apakah B/I/S pernah mendengar adanya,Base : Responden yang pernah mendengar nama lembaga Gubernur (n : xx)
PERSEPSI TERHADAP PENTINGNYA DILAKUKAN & MENGIKUTI PEMILU/PEMILUKADA,SMQ18,2d,(Pemilihan Bupati/Walikota) Apakah B/I/S pernah mendengar adanya,Base : Responden yang pernah mendengar nama lembaga Bupati/Walikota (n : xx)
PERSEPSI TERHADAP PENTINGNYA DILAKUKAN & MENGIKUTI PEMILU/PEMILUKADA,SMQ19,3a,"(Pemilihan Presiden) Terlepas apakah B/I/S pernah mengikuti Pemilu/Pemilukada atau tidak, menurut B/I/S, seberapa penting masing-masing pemilihan di bawah ini untuk DIADAKAN?",Base : Semua responden (n : xx)
PERSEPSI TERHADAP PENTINGNYA DILAKUKAN & MENGIKUTI PEMILU/PEMILUKADA,SMQ20,3b,"(Pemilihan anggota DPR pusat, DPRD tingkat propinsi dan DPRD tingkat Kabupaten/Kotamadya) Terlepas apakah B/I/S pernah mengikuti Pemilu/Pemilukada atau tidak, menurut B/I/S, seberapa penting masing-masing pemilihan di bawah ini untuk DIADAKAN?",Base : Semua responden (n : xx)
PERSEPSI TERHADAP PENTINGNYA DILAKUKAN & MENGIKUTI PEMILU/PEMILUKADA,SMQ21,3c,"(Pemilihan anggota DPD) Terlepas apakah B/I/S pernah mengikuti Pemilu/Pemilukada atau tidak, menurut B/I/S, seberapa penting masing-masing pemilihan di bawah ini untuk DIADAKAN?",Base : Semua responden (n : xx)
PERSEPSI TERHADAP PENTINGNYA DILAKUKAN & MENGIKUTI PEMILU/PEMILUKADA,SMQ22,3d,"(Pemilihan Gubernur) Terlepas apakah B/I/S pernah mengikuti Pemilu/Pemilukada atau tidak, menurut B/I/S, seberapa penting masing-masing pemilihan di bawah ini untuk DIADAKAN?",Base : Semua responden (n : xx)
PERSEPSI TERHADAP PENTINGNYA DILAKUKAN & MENGIKUTI PEMILU/PEMILUKADA,SMQ23,3e,"(Pemilihan Bupati/Walikota) Terlepas apakah B/I/S pernah mengikuti Pemilu/Pemilukada atau tidak, menurut B/I/S, seberapa penting masing-masing pemilihan di bawah ini untuk DIADAKAN?",Base : Semua responden (n : xx)
PERSEPSI TERHADAP PENTINGNYA DILAKUKAN & MENGIKUTI PEMILU/PEMILUKADA,SMQ24,4a,(Saya akan tetap mengikuti Pemilu/Pemilukada walaupun tidak ada calon atau partai politik yang dirasa cocok buat saya) Tolong sebutkan tingkat kesetujuan B/I/S terhadap penyataan tersebut,Base : Semua responden (n : xx)
PERSEPSI TERHADAP PENTINGNYA DILAKUKAN & MENGIKUTI PEMILU/PEMILUKADA,SMQ25,4b,"(Jika saya ikut dalam Pemilu/Pemilukada, maka akan mempengaruhi hasil dari Pemilu/Pemilukada itu) Tolong sebutkan tingkat kesetujuan B/I/S terhadap penyataan tersebut",Base : Semua responden (n : xx)
PERSEPSI TERHADAP PENTINGNYA DILAKUKAN & MENGIKUTI PEMILU/PEMILUKADA,SMQ26,4c,"(Tidak apa - apa bagi saya untuk tidak mengikuti Pemilu/Pemilukada, karena sudah diwakili oleh banyak orang lain yang mengikuti Pemilu/Pemilukada) Tolong sebutkan tingkat kesetujuan B/I/S terhadap penyataan tersebut",Base : Semua responden (n : xx)
PERSEPSI TERHADAP PENTINGNYA DILAKUKAN & MENGIKUTI PEMILU/PEMILUKADA,SMQ27,4d,(Saya akan merasa dirugikan jika tidak mengikuti Pemilu/Pemilukada) Tolong sebutkan tingkat kesetujuan B/I/S terhadap penyataan tersebut,Base : Semua responden (n : xx)
PERSEPSI TERHADAP PENTINGNYA DILAKUKAN & MENGIKUTI PEMILU/PEMILUKADA,SSQ29_BASE,6,"Apakah B/I/S tahu bahwa pada tahun 2014 Akan diselenggarakan Pemilu, atau tidak?",Base : Semua responden (n : xx)
PERSEPSI TERHADAP PENTINGNYA DILAKUKAN & MENGIKUTI PEMILU/PEMILUKADA,SSQ29_NEW,5,"Apakah B/I/S tahu bahwa pada tahun 2014 diselenggarakan Pemilu, atau tidak?",Base : Semua responden (n : xx)
PERSEPSI TERHADAP PENTINGNYA DILAKUKAN & MENGIKUTI PEMILU/PEMILUKADA,SSQ31_BASE,8,Pada tahun 2014 mendatang akan diadakan Pemilihan Presiden. Seberapa besar tingkat keinginan B/I/S untuk mengikuti Pemilihan Presiden pada Pemilu tahun 2014 mendatang?,Base : Semua responden (n : xx)
PERSEPSI TERHADAP PENTINGNYA DILAKUKAN & MENGIKUTI PEMILU/PEMILUKADA,SSQ33_BASE,10,Pada tahun 2014 mendatang akan diadakan Pemilihan anggota DPR/DPRD (Pemilihan yang diikuti oleh partai politik) dan DPD. Seberapa besar tingkat keinginan B/I/S untuk mengikuti Pemilihan anggota DPR/DPRD (Pemilihan yang diikuti oleh partai politik) dan DPD pada Pemilu tahun 2014 mendatang?,Base : Semua responden (n : xx)
PERSEPSI TERHADAP PENTINGNYA DILAKUKAN & MENGIKUTI PEMILU/PEMILUKADA,SSQ33_NEW,11,Apakah B/I/S mengikuti Pileg/Pemilihan Legislatif/Pemilihan DPR & DPD pada bulan April 2014?,Base : Semua responden (n : xx)
PERSEPSI TERHADAP PENTINGNYA DILAKUKAN & MENGIKUTI PEMILU/PEMILUKADA,SSQ36B_NEW,9,Tolong sebutkan alasan UTAMA yang menyebabkan B/I/S tidak mengikuti Pilpres (Pemilihan Presiden) pada bulan Juli 2014?,Base : Responden yang tidak mengikuti Pemilihan Presiden tahun 2014 (n : xx)
PERSEPSI TERHADAP PENTINGNYA DILAKUKAN & MENGIKUTI PEMILU/PEMILUKADA,SSQ37B_NEW,10,Mengapa B/I/S malas mengikuti Pilpres (Pemilihan Presiden) pada bulan Juli 2014?,Base : Responden yang tidak mengikuti Pemilihan Presiden tahun 2014 karena alasan MALAS (n : xx)
PERSEPSI TERHADAP PENTINGNYA DILAKUKAN & MENGIKUTI PEMILU/PEMILUKADA,SSQ36A_NEW,13,Tolong sebutkan alasan UTAMA yang menyebabkan B/I/S tidak mengikuti Pileg/Pemilihan Legislatif/Pemilihan DPR & DPD pada bulan April 2014?,"Base : Responden yang tidak mengikuti Pemilihan angggota DPR, DPRD atau DPD tahun 2014 (n : xx)"
PERSEPSI TERHADAP PENTINGNYA DILAKUKAN & MENGIKUTI PEMILU/PEMILUKADA,SSQ37A_NEW,14,Mengapa B/I/S malas mengikuti Pileg/Pemilihan Legislatif/Pemilihan DPR & DPD pada bulan April 2014?,"Base : Responden yang tidak mengikuti Pemilihan Pemilihan angggota DPR, DPRD atau DPD tahun 2014 karena alasan MALAS (n : xx)"
PERSEPSI TERHADAP PENTINGNYA DILAKUKAN & MENGIKUTI PEMILU/PEMILUKADA,SSQ28,15,"Menurut B/I/S, apakah mengikuti Pemilu/Pemilukada adalah suatu hak atau kewajiban atau keduanya (hak dan kewajiban) dari warga?",Base : Semua responden (n : xx)
KEBUTUHAN PENDIDIKAN KEWARGANEGARAAN/PEMILIH,SSQ41,16,"Apakah B/I/S pernah mendengar kata ""DEMOKRASI""?",Base : Semua responden (n : xx)
KEBUTUHAN PENDIDIKAN KEWARGANEGARAAN/PEMILIH,SSQ43,18,"(Dibandingkan dengan bentuk pemerintahan lainnya, DEMOKRASI adalah bentuk pemerintahan yang terbaik bagi sebuah Negara seperti Indonesia) Tolong sebutkan tingkat kesetujuan B/I/S terhadap pernyataan tersebut","Base : Responden yang pernah mendengar kata ""Demokrasi"" (n : xx)"
KEBUTUHAN PENDIDIKAN KEWARGANEGARAAN/PEMILIH,SSQ44,19,"Menurut B/I/S, apakah Pemilu ada hubungannya dengan sistem DEMOKRASI, atau tidak?","Base : Responden yang pernah mendengar kata ""Demokrasi"" (n : xx)"
KEBUTUHAN PENDIDIKAN KEWARGANEGARAAN/PEMILIH,SSQ69_NEW,25,"Pada saat Pilpres (Pemilihan Presiden), apakah B/I/S memilih lebih karena karakter/kepribadian dari Calon Presiden atau lebih karena Isu/Program yang ditawarkan oleh Calon Presiden?",Base : Semua responden (n : xx)
KEBUTUHAN PENDIDIKAN KEWARGANEGARAAN/PEMILIH,SSQ52,26,"Bila hal-hal lainnya Sama, apakah B/I/S lebih memilih punya wakil perempuan atau wakil laki-laki di dalam DPR untuk mewakili B/I/S?",Base : Responden yang pernah mendengar nama lembaga DPR/DPRD (n : xx)
KEBUTUHAN PENDIDIKAN KEWARGANEGARAAN/PEMILIH,SSQ65_NEW,28,"Menurut B/I/S, dalam mengikuti Pemilu, apakah seorang perempuan yang sudah menikah sebaiknya memiliki keputusan sendiri dalam memilih walaupun pilihannya berbeda dengan suaminya, atau sebaiknya mengikuti keputusan memilih dari suaminya?",Base : Semua responden (n : xx)
KEBUTUHAN PENDIDIKAN KEWARGANEGARAAN/PEMILIH,SSQ54,29,"Apakah B/I/S bersedia untuk memilih calon yang difabel, yaitu calon yang tuna netra (memiliki keterbatasan penglihatan), calon yang tuna daksa (memiliki keterbatasan gerak), atau calon yang tuna rungu (memiliki keterbatasan pendengaran) atau calon yang tuna wicara (memiliki keterbatasan berbicara)?",Base : Semua responden (n : xx)
KEBUTUHAN PENDIDIKAN KEWARGANEGARAAN/PEMILIH,SSQ66_NEW,31,Manakah pernyataan di bawah ini yang paling menggambarkan diri B/I/S terkait dengan status keanggotaan B/I/S di partai politik dan preferensi pilihan calon dari partai politik,Base : Semua responden (n : xx)
KEBUTUHAN PENDIDIKAN KEWARGANEGARAAN/PEMILIH,SSQ67_NEW,32,"Pada Pemilu/Pemilukada yang akan datang, apakah B/I/S Akan mempertimbangkan untuk menyumbangkan uang kepada tim sukses seorang calon untuk mendukung kampanye mereka atau tidak?",Base : Semua responden (n : xx)
KEBUTUHAN PENDIDIKAN KEWARGANEGARAAN/PEMILIH,SSQ68_NEW,33,"Apakah orang-orang di daerah B/I/S tinggal, bisa dengan bebas membicarakan pilihan partai politik dan pilihan calon mereka?",Base : Semua responden (n : xx)
KEBUTUHAN PENDIDIKAN KEWARGANEGARAAN/PEMILIH,SSQ170_NEW,34,"Menjelang Pemilu Presiden, kita sering mendengar istilah Kampanye Hitam (black campaign), yaitu kampanye yang dilakukan oleh salah satu capres atau tim suksesnya mengenai keburukan-keburukan capres lainnya berdasarkan data yang tidak benar (bohong). Dari pernyataan-pernyataan di bawah ini, pernyataan manakah yang paling sesuasi dengan pendapat B/I/S?",Base : Semua responden (n : xx)
KEBUTUHAN PENDIDIKAN KEWARGANEGARAAN/PEMILIH,SSQ56,35,"Apakah B/I/S pernah melihat Pemantau Independen pada suatu Pemilu/Pemilukada, yaitu pihak yang tidak mewakili partai politik, calon atau Panwas yang bertugas untuk memastikan bahwa Pemilu/Pemilukada berjalan secara jujur dan adil?",Base : Semua responden (n : xx)
KEBUTUHAN PENDIDIKAN KEWARGANEGARAAN/PEMILIH,SMQ140a_NEW,38a,"Seberapa besar tingkat ketertarikan B/I/S untuk ikut memantau dalam Pemilu/Pemilukada jika secara sukarela, tanpa mendapatkan kompensasi/pembayaran?",Base : Semua responden (n : xx)
KEBUTUHAN PENDIDIKAN KEWARGANEGARAAN/PEMILIH,SMQ140b_NEW,38b,Seberapa besar tingkat ketertarikan B/I/S untuk ikut memantau dalam Pemilu/Pemilukada jika dengan mendapatkan kompensasi/pembayaran?,Base : Semua responden (n : xx)
KEBUTUHAN PENDIDIKAN KEWARGANEGARAAN/PEMILIH,SSQ58,37,"Ada kelompok Pemantau Independen yang akan mengamati dan memantau setiap langkah pelaksanaan Pemilu/Pemilukada dan menginformasikannya kepada masyakat tentang segala bentuk kecurangan pada Pemilu/Pemilukada. Apakah keberadaan Pemantau Independen ini akan memberikan rasa yakin yang jauh lebih tinggi, sedikit lebih tinggi atau tidak merasa yakin sama sekali bahwa Pemilu akan berlangsung bebas, jujur dan adil?",Base : Semua responden (n : xx)
KEBUTUHAN PENDIDIKAN KEWARGANEGARAAN/PEMILIH,SMQ60a,40a,(KPU/KPUD (Komisi Pemilihan Umum)) Apakah B/I/S pernah mendengar lembaga tersebut,Base : Semua responden (n : xx)
KEBUTUHAN PENDIDIKAN KEWARGANEGARAAN/PEMILIH,SMQ60b,40b,(Bawaslu/Panwaslu (Badan Pengawas Pemilu)) Apakah B/I/S pernah mendengar lembaga tersebut,Base : Semua responden (n : xx)
KEBUTUHAN PENDIDIKAN KEWARGANEGARAAN/PEMILIH,SMQ61a,41a,"Seberapa besar tingkat kepercayaan B/I/S terhadap KPU/KPUD (Komisi Pemilihan Umum) sebagai sumber yang bisa memberikan informasi mengenai Pemilu/Pemilukada? Tolong sampaikan pendapat B/I/S dengan menggunakan skala 0 - 10, dimana skala 0 menggambarkan bahwa B/I/S sangat tidak percaya dan skala 10 menggambarkan bahwa B/I/S sangat percaya.",Base : Responden yang pernah mendengar nama lembaga KPU/KPUD (n : xx)
KEBUTUHAN PENDIDIKAN KEWARGANEGARAAN/PEMILIH,SMQ61b,41b,"Seberapa besar tingkat kepercayaan B/I/S terhadap Bawaslu/Panwaslu sebagai sumber yang bisa memberikan informasi mengenai Pemilu/Pemilukada? Tolong sampaikan pendapat B/I/S dengan menggunakan skala 0 - 10, dimana skala 0 menggambarkan bahwa B/I/S sangat tidak percaya dan skala 10 menggambarkan bahwa B/I/S sangat percaya.",Base : Responden yang pernah mendengar nama lembaga Bawaslu/Panwaslu (n : xx)
KEBUTUHAN PENDIDIKAN KEWARGANEGARAAN/PEMILIH,SMQ61c,41c,"Seberapa besar tingkat kepercayaan B/I/S terhadap Kepala Desa/Lurah/Ketua RW/Ketua RT sebagai sumber yang bisa memberikan informasi mengenai Pemilu/Pemilukada? Tolong sampaikan pendapat B/I/S dengan menggunakan skala 0 - 10, dimana skala 0 menggambarkan bahwa B/I/S sangat tidak percaya dan skala 10 menggambarkan bahwa B/I/S sangat percaya.",Base : Semua responden (n : xx)
KEBUTUHAN PENDIDIKAN KEWARGANEGARAAN/PEMILIH,SMQ61d,41d,"Seberapa besar tingkat kepercayaan B/I/S terhadap Tokoh agama atau Lembaga keagamaan sebagai sumber yang bisa memberikan informasi mengenai Pemilu/Pemilukada? Tolong sampaikan pendapat B/I/S dengan menggunakan skala 0 - 10, dimana skala 0 menggambarkan bahwa B/I/S sangat tidak percaya dan skala 10 menggambarkan bahwa B/I/S sangat percaya.",Base : Semua responden (n : xx)
KEBUTUHAN PENDIDIKAN KEWARGANEGARAAN/PEMILIH,SMQ61e,41e,"Seberapa besar tingkat kepercayaan B/I/S terhadap LSM/Ormas/Universitas sebagai sumber yang bisa memberikan informasi mengenai Pemilu/Pemilukada? Tolong sampaikan pendapat B/I/S dengan menggunakan skala 0 - 10, dimana skala 0 menggambarkan bahwa B/I/S sangat tidak percaya dan skala 10 menggambarkan bahwa B/I/S sangat percaya.",Base : Semua responden (n : xx)
KEBUTUHAN PENDIDIKAN KEWARGANEGARAAN/PEMILIH,SMQ61f,41f,"Seberapa besar tingkat kepercayaan B/I/S terhadap Media (TV, radio, surat kabar, tabloid/majalah, internet sebagai sumber yang bisa memberikan informasi mengenai Pemilu/Pemilukada? Tolong sampaikan pendapat B/I/S dengan menggunakan skala 0 - 10, dimana skala 0 menggambarkan bahwa B/I/S sangat tidak percaya dan skala 10 menggambarkan bahwa B/I/S sangat percaya.",Base : Semua responden (n : xx)
KEBUTUHAN PENDIDIKAN KEWARGANEGARAAN/PEMILIH,SMQ61g,41g,"Seberapa besar tingkat kepercayaan B/I/S terhadap Partai politik, calon atau tim sukses calon sebagai sumber yang bisa memberikan informasi mengenai Pemilu/Pemilukada? Tolong sampaikan pendapat B/I/S dengan menggunakan skala 0 - 10, dimana skala 0 menggambarkan bahwa B/I/S sangat tidak percaya dan skala 10 menggambarkan bahwa B/I/S sangat percaya.",Base : Semua responden (n : xx)
"PEMAHAMAN, PERSEPSI DAN PRAKTIK TERKAIT DAFTAR PEMILIH",SSQ71_BASE,37,Apakah nama B/I/S terdaftar untuk Pemilu 2014?,Base : Semua responden (n : xx)
"PEMAHAMAN, PERSEPSI DAN PRAKTIK TERKAIT DAFTAR PEMILIH",SMQ71Aa_NEW,42aa,(Pileg/Pemilihan Legislatif/Pemilihan DPR & DPD pada April 2014) Apakah nama B/I/S terdaftar untuk...,Base : Semua responden (n : xx)
"PEMAHAMAN, PERSEPSI DAN PRAKTIK TERKAIT DAFTAR PEMILIH",SMQ71Ab_NEW,43ab,Darimana B/I/S mengetahui bahwa nama B/I/S sudah terdaftar atau tidak untuk Pileg/Pemilihan Legislatif/Pemilihan DPR & DPD pada April 2014?,Base : Responden yang tahu kalau namanya terdaftar atau tidak (n : xx)
"PEMAHAMAN, PERSEPSI DAN PRAKTIK TERKAIT DAFTAR PEMILIH",SMQ71Ba_NEW,42ba,(Pilpres (Pemilihan Presiden) pada Juli 2014) Apakah nama B/I/S terdaftar untuk...,Base : Semua responden (n : xx)
"PEMAHAMAN, PERSEPSI DAN PRAKTIK TERKAIT DAFTAR PEMILIH",SMQ71Bb_NEW,43bb,Darimana B/I/S mengetahui bahwa nama B/I/S sudah terdaftar atau tidak untuk Pilpres (Pemilihan Presiden) pada Juli 2014?,Base : Responden yang tahu kalau namanya terdaftar atau tidak (n : xx)
"PEMAHAMAN, PERSEPSI DAN PRAKTIK TERKAIT DAFTAR PEMILIH",SSQ72_BASE,38,Darimana B/I/S mengetahui bahwa nama B/I/S sudah terdaftar atau tidak untuk Pemilu 2014?,Base : Responden yang tahu kalau namanya terdaftar atau tidak (n : xx)
"PEMAHAMAN, PERSEPSI DAN PRAKTIK TERKAIT DAFTAR PEMILIH",SSQ76,46,Apakah B/I/S menanyakan mengenai ketiadaan nama B/I/S untuk Pileg 2014 dan/atau Pilpres 2014?,Base : Responden yang namanya tidak terdaftar pada Daftar Pemilih (n : xx)
"PEMAHAMAN, PERSEPSI DAN PRAKTIK TERKAIT DAFTAR PEMILIH",SSQ85,48,"Jika B/I/S tidak terdaftar pada DAFTAR PEMILIH TETAP (DPT), menurut B/I/S, apakah B/I/S bisa menggunakan kartu identitas (KTP, KK) untuk mengikuti pemilihan?",Base : Semua responden (n : xx)
"PEMAHAMAN, PERSEPSI DAN PRAKTIK TERKAIT DAFTAR PEMILIH",SSQ86,49,"Misalnya B/I/S tidak mendapatkan surat undangan untuk ke TPS, namun nama B/I/S terdaftar dalam DAFTAR PEMILIH TETAP (DPT), menurut B/I/S, apakah B/I/S masih berhak untuk mengikuti pemilihan, atau tidak?",Base : Semua responden (n : xx)
"PEMAHAMAN, PERSEPSI DAN PRAKTIK TERKAIT POLITIK UANG",SSQ101_BASE,55,"Apakah B/I/S pernah mendengar/melihat bahwa ada calon/partai politik/tim sukses tertentu yang memberikan uang/barang/jasa kepada warga di lingkungan tempat tinggal B/I/S, yang bertujuan untuk mempengaruhi pilihan warga selama masa pemilihan?",Base : Semua responden (n : xx)
"PEMAHAMAN, PERSEPSI DAN PRAKTIK TERKAIT POLITIK UANG",SMQ101A_NEW,52a,"Apakah B/I/S pernah mendengar/melihat bahwa ada calon/partai politik/tim sukses tertentu yang memberikan uang/barang/jasa kepada warga di lingkungan tempat tinggal B/I/S, yang bertujuan untuk mempengaruhi pilihan warga selama masa pemilihan di Pileg/Pemilihan Legislatif/Pemilihan DPR & DPD pada April 2014?",Base : Semua responden (n : xx)
"PEMAHAMAN, PERSEPSI DAN PRAKTIK TERKAIT POLITIK UANG",SMQ101B_NEW,52b,"Apakah B/I/S pernah mendengar/melihat bahwa ada calon/partai politik/tim sukses tertentu yang memberikan uang/barang/jasa kepada warga di lingkungan tempat tinggal B/I/S, yang bertujuan untuk mempengaruhi pilihan warga selama masa pemilihan di Pilpres (Pemilihan Presiden) pada Juli 2014?",Base : Semua responden (n : xx)
"PEMAHAMAN, PERSEPSI DAN PRAKTIK TERKAIT POLITIK UANG",SMQ102a_BASE,56a,"(Uang) Tanpa mempertimbangkan nilainya, apakah B/I/S atau keluarga juga pernah DITAWARI/DIBERI dari calon/partai politik/tim sukses tertentu, atau tidak?",Base : Semua responden (n : xx)
"PEMAHAMAN, PERSEPSI DAN PRAKTIK TERKAIT POLITIK UANG",SMQ102b_BASE,56b,"(Sembako/makanan/minuman) Tanpa mempertimbangkan nilainya, apakah B/I/S atau keluarga juga pernah DITAWARI/DIBERI dari calon/partai politik/tim sukses tertentu, atau tidak?",Base : Semua responden (n : xx)
"PEMAHAMAN, PERSEPSI DAN PRAKTIK TERKAIT POLITIK UANG",SMQ102c_BASE,56c,"(Kaos/baju/sarung/kerudung) Tanpa mempertimbangkan nilainya, apakah B/I/S atau keluarga juga pernah DITAWARI/DIBERI dari calon/partai politik/tim sukses tertentu, atau tidak?",Base : Semua responden (n : xx)
"PEMAHAMAN, PERSEPSI DAN PRAKTIK TERKAIT POLITIK UANG",SMQ102d_BASE,58d,"(Voucher/bon belanja) Tanpa mempertimbangkan nilainya, apakah B/I/S atau keluarga juga pernah DITAWARI/DIBERI dari calon/partai politik/tim sukses tertentu, atau tidak?",Base : Semua responden (n : xx)
"PEMAHAMAN, PERSEPSI DAN PRAKTIK TERKAIT POLITIK UANG",SMQ102a_NEW,53a,"(Uang) Tanpa mempertimbangkan nilainya, apakah B/I/S atau keluarga juga pernah DITAWARI/DIBERI dari calon/partai politik/tim sukses tertentu selama Pileg/Pemilihan Legislatif/Pemilihan DPR & DPD di April 2014 atau tidak?",Base : Semua responden (n : xx)
"PEMAHAMAN, PERSEPSI DAN PRAKTIK TERKAIT POLITIK UANG",SMQ102b_NEW,53b,"(Sembako/makanan/minuman) Tanpa mempertimbangkan nilainya, apakah B/I/S atau keluarga juga pernah DITAWARI/DIBERI dari calon/partai politik/tim sukses tertentu selama Pileg/Pemilihan Legislatif/Pemilihan DPR & DPD di April 2014 atau tidak?",Base : Semua responden (n : xx)
"PEMAHAMAN, PERSEPSI DAN PRAKTIK TERKAIT POLITIK UANG",SMQ102c_NEW,53c,"(Kaos/baju/sarung/kerudung) Tanpa mempertimbangkan nilainya, apakah B/I/S atau keluarga juga pernah DITAWARI/DIBERI dari calon/partai politik/tim sukses tertentu selama Pileg/Pemilihan Legislatif/Pemilihan DPR & DPD di April 2014 atau tidak?",Base : Semua responden (n : xx)
"PEMAHAMAN, PERSEPSI DAN PRAKTIK TERKAIT POLITIK UANG",SMQ102d_NEW,53d,"(Voucher/kupon) Tanpa mempertimbangkan nilainya, apakah B/I/S atau keluarga juga pernah DITAWARI/DIBERI dari calon/partai politik/tim sukses tertentu selama Pileg/Pemilihan Legislatif/Pemilihan DPR & DPD di April 2014 atau tidak?",Base : Semua responden (n : xx)
"PEMAHAMAN, PERSEPSI DAN PRAKTIK TERKAIT POLITIK UANG",SMQ103a_NEW,54a,"(Uang) Untuk setiap uang/barang/jasa yang DIBERIKAN kepada B/I/S atau keluarga selama Pileg/Pemilihan Legislatif/Pemilihan DPR & DPD di April 2014, apakah B/I/S atau keluarga MENERIMA tawaran tersebut, atau tidak?",Base : Responden yang pernah ditawari uang selama (n : xx) Pileg/Pemilihan Legislatif/Pemilihan DPR & DPD di April 2014
"PEMAHAMAN, PERSEPSI DAN PRAKTIK TERKAIT POLITIK UANG",SMQ103b_NEW,54b,"(Sembako/makanan/minuman) Untuk setiap uang/barang/jasa yang DIBERIKAN kepada B/I/S atau keluarga selama Pileg/Pemilihan Legislatif/Pemilihan DPR & DPD di April 2014, apakah B/I/S atau keluarga MENERIMA tawaran tersebut, atau tidak?",Base : Responden yang pernah ditawari Sembako/makanan/minuman selama (n : xx) Pileg/Pemilihan Legislatif/Pemilihan DPR & DPD di April 2014
"PEMAHAMAN, PERSEPSI DAN PRAKTIK TERKAIT POLITIK UANG",SMQ103c_NEW,54c,"(Kaos/baju/sarung/kerudung) Untuk setiap uang/barang/jasa yang DIBERIKAN kepada B/I/S atau keluarga selama Pileg/Pemilihan Legislatif/Pemilihan DPR & DPD di April 2014, apakah B/I/S atau keluarga MENERIMA tawaran tersebut, atau tidak?",Base : Responden yang pernah ditawari Kaos/baju/sarung/kerudung selama (n : xx) Pileg/Pemilihan Legislatif/Pemilihan DPR & DPD di April 2014
"PEMAHAMAN, PERSEPSI DAN PRAKTIK TERKAIT POLITIK UANG",SMQ103d_NEW,54d,"(Voucher/kupon) Untuk setiap uang/barang/jasa yang DIBERIKAN kepada B/I/S atau keluarga selama Pileg/Pemilihan Legislatif/Pemilihan DPR & DPD di April 2014, apakah B/I/S atau keluarga MENERIMA tawaran tersebut, atau tidak?",Base : Responden yang pernah ditawari Voucher/kupon selama (n : xx) Pileg/Pemilihan Legislatif/Pemilihan DPR & DPD di April 2014
"PEMAHAMAN, PERSEPSI DAN PRAKTIK TERKAIT POLITIK UANG",SMQ122a_NEW,55a,"(Uang) Tanpa mempertimbangkan nilainya, apakah B/I/S atau keluarga juga pernah DITAWARI/DIBERI masing-masing hal di bawah ini dari calon/partai politik/tim sukses tertentu selama Pilpres (Pemilihan Presiden) di Juli 2014 atau tidak?",Base : Semua responden (n : xx)
"PEMAHAMAN, PERSEPSI DAN PRAKTIK TERKAIT POLITIK UANG",SMQ122b_NEW,55b,"(Sembako/makanan/minuman) Tanpa mempertimbangkan nilainya, apakah B/I/S atau keluarga juga pernah DITAWARI/DIBERI masing-masing hal di bawah ini dari calon/partai politik/tim sukses tertentu selama Pilpres (Pemilihan Presiden) di Juli 2014 atau tidak?",Base : Semua responden (n : xx)
"PEMAHAMAN, PERSEPSI DAN PRAKTIK TERKAIT POLITIK UANG",SMQ122c_NEW,55c,"(Kaos/baju/sarung/kerudung) Tanpa mempertimbangkan nilainya, apakah B/I/S atau keluarga juga pernah DITAWARI/DIBERI masing-masing hal di bawah ini dari calon/partai politik/tim sukses tertentu selama Pilpres (Pemilihan Presiden) di Juli 2014 atau tidak?",Base : Semua responden (n : xx)
"PEMAHAMAN, PERSEPSI DAN PRAKTIK TERKAIT POLITIK UANG",SMQ122d_NEW,55d,"(Voucher/kupon) Tanpa mempertimbangkan nilainya, apakah B/I/S atau keluarga juga pernah DITAWARI/DIBERI masing-masing hal di bawah ini dari calon/partai politik/tim sukses tertentu selama Pilpres (Pemilihan Presiden) di Juli 2014 atau tidak?",Base : Semua responden (n : xx)
"PEMAHAMAN, PERSEPSI DAN PRAKTIK TERKAIT POLITIK UANG",SMQ124a_NEW,56a,"(Uang) Untuk setiap uang/barang/jasa yang DIBERIKAN kepada B/I/S atau keluarga selama Pilpres (Pemilihan Presiden) pada Juli 2014, apakah B/I/S atau keluarga MENERIMA tawaran tersebut, atau tidak?",Base : Responden yang pernah ditawari uang selama Pilpres (Pemilihan Presiden) pada Juli 2014 (n : xx)
"PEMAHAMAN, PERSEPSI DAN PRAKTIK TERKAIT POLITIK UANG",SMQ124b_NEW,56b,"(Sembako/makanan/minuman) Untuk setiap uang/barang/jasa yang DIBERIKAN kepada B/I/S atau keluarga selama Pilpres (Pemilihan Presiden) pada Juli 2014, apakah B/I/S atau keluarga MENERIMA tawaran tersebut, atau tidak?",Base : Responden yang pernah ditawari Sembako/makanan/minuman selama Pilpres (Pemilihan Presiden) pada Juli 2014 (n : xx)
"PEMAHAMAN, PERSEPSI DAN PRAKTIK TERKAIT POLITIK UANG",SMQ124c_NEW,56c,"(Kaos/baju/sarung/kerudung) Untuk setiap uang/barang/jasa yang DIBERIKAN kepada B/I/S atau keluarga selama Pilpres (Pemilihan Presiden) pada Juli 2014, apakah B/I/S atau keluarga MENERIMA tawaran tersebut, atau tidak?",Base : Responden yang pernah ditawari Kaos/baju/sarung/kerudung selama Pilpres (Pemilihan Presiden) pada Juli 2014 (n : xx)
"PEMAHAMAN, PERSEPSI DAN PRAKTIK TERKAIT POLITIK UANG",SMQ124d_NEW,56d,"(Voucher/kupon) Untuk setiap uang/barang/jasa yang DIBERIKAN kepada B/I/S atau keluarga selama Pilpres (Pemilihan Presiden) pada Juli 2014, apakah B/I/S atau keluarga MENERIMA tawaran tersebut, atau tidak?",Base : Responden yang pernah ditawari Voucher/kupon selama Pilpres (Pemilihan Presiden) pada Juli 2014 (n : xx)
"PEMAHAMAN, PERSEPSI DAN PRAKTIK TERKAIT POLITIK UANG",SMQ104a_BASE,58a,"(Uang) Misalnya B/I/S ditawari hal-hal di bawah ini dan pihak calon/partai politik/tim sukses dan mereka tidak melakukan pemaksaan/intimidasi kepada B/I/S supaya memilih calon tersebut, apakah B/I/S akan menerimanya atau tidak?",Base : Responden yang tidak pernah ditawari uang selama Pemilu atau Pemilukada (n : xx)
"PEMAHAMAN, PERSEPSI DAN PRAKTIK TERKAIT POLITIK UANG",SMQ104b_BASE,58b,"(Sembako/makanan/minuman) Misalnya B/I/S ditawari hal-hal di bawah ini dan pihak calon/partai politik/tim sukses dan mereka tidak melakukan pemaksaan/intimidasi kepada B/I/S supaya memilih calon tersebut, apakah B/I/S akan menerimanya atau tidak?",Base : Responden yang tidak pernah ditawari Sembako/makanan/minuman selama Pemilu atau Pemilukada (n : xx)
"PEMAHAMAN, PERSEPSI DAN PRAKTIK TERKAIT POLITIK UANG",SMQ104c_BASE,58c,"(Kaos/baju/sarung/kerudung) Misalnya B/I/S ditawari hal-hal di bawah ini dan pihak calon/partai politik/tim sukses dan mereka tidak melakukan pemaksaan/intimidasi kepada B/I/S supaya memilih calon tersebut, apakah B/I/S akan menerimanya atau tidak?",Base : Responden yang tidak pernah ditawari Kaos/baju/sarung/kerudung selama Pemilu atau Pemilukada (n : xx)
"PEMAHAMAN, PERSEPSI DAN PRAKTIK TERKAIT POLITIK UANG",SMQ104d_BASE,56d,"(Voucher/bon belanja) Misalnya B/I/S ditawari hal-hal di bawah ini dan pihak calon/partai politik/tim sukses dan mereka tidak melakukan pemaksaan/intimidasi kepada B/I/S supaya memilih calon tersebut, apakah B/I/S akan menerimanya atau tidak?",Base : Responden yang tidak pernah ditawari Pemilu atau Pemilukada (n : xx)
"PEMAHAMAN, PERSEPSI DAN PRAKTIK TERKAIT POLITIK UANG",SMQ104a_NEW,57a,"(Uang) Misalnya B/I/S ditawari hal-hal di bawah ini dan pihak calon/partai politik/tim sukses dan mereka tidak melakukan pemaksaan/intimidasi kepada B/I/S supaya memilih calon tersebut, apakah B/I/S akan menerimanya atau tidak?",Base : Responden yang tidak pernah ditawari uang selama Pilpres (Pemilihan Presiden) atau Pileg/Pemilihan Legislatif/Pemilihan DPR & DPD pada Juli 2014 (n : xx)
"PEMAHAMAN, PERSEPSI DAN PRAKTIK TERKAIT POLITIK UANG",SMQ104b_NEW,57b,"(Sembako/makanan/minuman) Misalnya B/I/S ditawari hal-hal di bawah ini dan pihak calon/partai politik/tim sukses dan mereka tidak melakukan pemaksaan/intimidasi kepada B/I/S supaya memilih calon tersebut, apakah B/I/S akan menerimanya atau tidak?",Base : Responden yang tidak pernah ditawari Sembako/makanan/minuman selama Pilpres (Pemilihan Presiden) atau Pileg/Pemilihan Legislatif/Pemilihan DPR & DPD pada Juli 2014 (n : xx)
"PEMAHAMAN, PERSEPSI DAN PRAKTIK TERKAIT POLITIK UANG",SMQ104c_NEW,57c,"(Kaos/baju/sarung/kerudung) Misalnya B/I/S ditawari hal-hal di bawah ini dan pihak calon/partai politik/tim sukses dan mereka tidak melakukan pemaksaan/intimidasi kepada B/I/S supaya memilih calon tersebut, apakah B/I/S akan menerimanya atau tidak?",Base : Responden yang tidak pernah ditawari Kaos/baju/sarung/kerudung selama Pilpres (Pemilihan Presiden) atau Pileg/Pemilihan Legislatif/Pemilihan DPR & DPD pada Juli 2014 (n : xx)
"PEMAHAMAN, PERSEPSI DAN PRAKTIK TERKAIT POLITIK UANG",SMQ104d_NEW,57d,"(Voucher/kupon) Misalnya B/I/S ditawari hal-hal di bawah ini dan pihak calon/partai politik/tim sukses dan mereka tidak melakukan pemaksaan/intimidasi kepada B/I/S supaya memilih calon tersebut, apakah B/I/S akan menerimanya atau tidak?",Base : Responden yang tidak pernah ditawari Voucher/bon belanja selama Pilpres (Pemilihan Presiden) atau Pileg/Pemilihan Legislatif/Pemilihan DPR & DPD pada Juli 2014 (n : xx)
"PEMAHAMAN, PERSEPSI DAN PRAKTIK TERKAIT POLITIK UANG",SMQ108a,61a,"(Tidak apa - apa untuk menerima pemberian uang/barang/jasa dari calon/partai politik/tim sukses tertentu, karena kegiatan tersebut saling menguntungkan pihak calon/partai politiknya dan masyarakat yang mendapatkan uang/barang) Tolong sebutkan tingkat kesetujuan B/I/S terhadap penyataan tersebut",Base : Semua responden (n : xx)
"PEMAHAMAN, PERSEPSI DAN PRAKTIK TERKAIT POLITIK UANG",SMQ108b,61b,(Tidak apa - apa untuk menerima pemberian uang/barang/jasa dari calon/partai politik/tim sukses tertentu selama tidak ada paksaan untuk memilih calon/partai politik tersebut) Tolong sebutkan tingkat kesetujuan B/I/S terhadap penyataan tersebut,Base : Semua responden (n : xx)
"PEMAHAMAN, PERSEPSI DAN PRAKTIK TERKAIT POLITIK UANG",SMQ108c,61c,(Tidak pantas untuk menerima pemberian uang/barang/jasa dari calon/partai politik/tim sukses tertentu) Tolong sebutkan tingkat kesetujuan B/I/S terhadap penyataan tersebut,Base : Semua responden (n : xx)
"PEMAHAMAN, PERSEPSI DAN PRAKTIK TERKAIT POLITIK UANG",SMQ109a,62a,"Jika B/I/S ditawari uang/barang dari calon yang sebelumnya memang ingin B/I/S pilih, maka B/I/S akan...",Base : Semua responden (n : xx)
"PEMAHAMAN, PERSEPSI DAN PRAKTIK TERKAIT POLITIK UANG",SMQ109b,62b,"Jika B/I/S ditawari uang/barang dari calon yang sebelumnya tidak akan B/I/S pilih, maka B/I/S akan...",Base : Semua responden (n : xx)
"PEMAHAMAN, PERSEPSI DAN PRAKTIK TERKAIT POLITIK UANG",SMQ110a,63a,"(Calon yang membagi-bagikan uang/barang/jasa selama masa kampanye, memberikannya secara ikhlas tanpa mengharapkan sesuatu dari pemilih) Tolong sebutkan tingkat kesetujuan B/I/S terhadap penyataan tersebut",Base : Semua responden (n : xx)
"PEMAHAMAN, PERSEPSI DAN PRAKTIK TERKAIT POLITIK UANG",SMQ110b,63b,(Calon yang membagi-bagikan uang/barang/jasa selama masa kampanye cenderung adalah pemimpin yang berjiwa sosial dan memperhatikan/membantu masyarakatnya) Tolong sebutkan tingkat kesetujuan B/I/S terhadap penyataan tersebut,Base : Semua responden (n : xx)
"PEMAHAMAN, PERSEPSI DAN PRAKTIK TERKAIT POLITIK UANG",SMQ110c,63c,(Calon yang membagi-bagikan uang/barang/jasa selama masa kampanye cenderung akan korupsi) Tolong sebutkan tingkat kesetujuan B/I/S terhadap penyataan tersebut,Base : Semua responden (n : xx)
"PEMAHAMAN, PERSEPSI DAN PRAKTIK TERKAIT POLITIK UANG",SSQ111,64,"Menurut B/I/S, seberapa mungkin pihak lain akan bisa mengetahui pilihan calon/partai politik dari B/I/S, sedangkan suatu Pemilu/Pemilukada seharusnya berlangsung secara rahasia?",Base : Semua responden (n : xx)
"PEMAHAMAN, PERSEPSI DAN PRAKTIK TERKAIT POLITIK UANG",SSQ113_BASE,67,"Dalam kenyataannya, pada saat B/I/S mendapatkan penawaran uang/barang/jasa dari calon/partai politik/tim sukses, apakah B/I/S (akan) melaporkan hal tersebut, atau tidak?",Base : Responden yang pernah ditawari uang/barang/jasa (n : xx)
"PEMAHAMAN, PERSEPSI DAN PRAKTIK TERKAIT POLITIK UANG",SSQ113_NEW,66,"Dalam kenyataannya, pada saat B/I/S atau keluarga mendapatkan penawaran uang/barang/jasa daricalon/partai politik/tim sukses tersebut, apakah B/I/S atau keluarga melaporkan hal tersebut, atau tidak?",Base : Responden yang pernah ditawari uang/barang/jasa (n : xx)
"PEMAHAMAN, PERSEPSI DAN PRAKTIK TERKAIT POLITIK UANG",SSQ116,69,"Terlepas apakah B/I/S menerima penawaran uang/barang/jasa dari calon/partai politik/tim sukses tertentu atau tidak, apakah akhirnya B/I/S memilih calon tersebut dalam pemilihan?",
"PEMAHAMAN, PERSEPSI DAN PRAKTIK TERKAIT POLITIK UANG",SSQ117,70,"Di awal, B/I/S memberitahukan kepada saya bahwa B/I/S dan keluarga pernah mendapatkan uang/barang/jasa dari calon/partai politik/tim sukses tertentu. Apakah akhirnya B/I/S memilih calon tersebut dalam pemilihan?",
"PEMAHAMAN, PERSEPSI DAN PRAKTIK TERKAIT POLITIK UANG",SSQ118,71,Apakah B/I/S memilih calon tersebut karena pemberian uang/barang/jasa dari calon?,
"PEMAHAMAN, PERSEPSI DAN PRAKTIK TERKAIT POLITIK UANG",SSQ119,72,"Misalnya B/I/S atau keluarga ditawari uang/barang/jasa oleh beberapa calon/partai politik/tim sukses sekaligus, bagamana B/I/S akan menentukan pilihan calon?",Base : Semua responden (n : xx)
"PEMAHAMAN, PERSEPSI DAN PRAKTIK TERKAIT POLITIK UANG",SSQ120,73,Pada awalnya B/I/S berkeinginan untuk mengikuti Pemilu/Pemilukada. Kemudian B/I/S atau keluarga ditawari uang/barang/jasa dari BEBERAPA calon/partai politik/tim sukses sekaligus. Apakah yang akan B/I/S lakukan?,Base : Semua responden (n : xx)
"PEMAHAMAN, PERSEPSI DAN PRAKTIK TERKAIT POLITIK UANG",SMQ121a,74a,"(Menawarkan uang atau barang oleh calon) Menurut pemahaman B/I/S, jika mengacu kepada peraturan yang berlaku, apakah kegiatan menawarkan dan menerima uang/barang/jasa, dari calon/partai politik ke pemilihyang dilakukan pada masa pemilihan (masa kampanye, masa tenang atau hari H pemilihan),adalah sesuatu yang melanggar hukum atau tidak?",Base : Semua responden (n : xx)
"PEMAHAMAN, PERSEPSI DAN PRAKTIK TERKAIT POLITIK UANG",SMQ121b,74b,"(Menerima uang atau barang dari calon) Menurut pemahaman B/I/S, jika mengacu kepada peraturan yang berlaku, apakah kegiatan menawarkan dan menerima uang/barang/jasa, dari calon/partai politik ke pemilihyang dilakukan pada masa pemilihan (masa kampanye, masa tenang atau hari H pemilihan),adalah sesuatu yang melanggar hukum atau tidak?",Base : Semua responden (n : xx)
PEMAHAMAN TERHADAP CARA MENANDAI SURAT SUARA,SSQ132_BASE,79,"Menurut pemahaman B/I/S, bagaimanakah cara menandai surat suara yang benar pada Pemilihan anggota DPR, DPRD (yang diikuti oleh partai politik) di Pemilu 2014 mendatang?",Base : Semua responden (n : xx)
PEMAHAMAN TERHADAP CARA MENANDAI SURAT SUARA,SSQ132_NEW,75,Bagaimanakah cara B/I/S memberikan suara pada Pileg/Pemilihan Legislatif/Pemilihan DPR & DPD di April 2014?,Base : Responden yang mengikuti Pemilihan Legislatif di April 2014 (n : xx)
PEMAHAMAN TERHADAP CARA MENANDAI SURAT SUARA,SSQ133_NEW,76,"Jika di masa yang akan datang kita tidak mencoblos surat suara dengan menggunakan kertas, melainkan dengan menggunakan mesin, apakah B/I/S akan percaya dengan hasilnya atau tidak?",Base : Semua responden (n : xx)
PARTISIPASI AKTIF PEMILIH DALAM PEMANTAUAN PEMILU,SSQ136_BASE,80,"Ada orang yang merasa bahwa Pemilu tahun 2014 akan berlangsung bebas, jujur dan adil. Sementara itu ada pula yang merasa bahwa Pemilu tahun 2014 tidak akan berlangsung bebas, jujur dan adil dan sebagian lagi menyatakan tidak pasti atau tidak yakin. Bagaimana dengan B/I/S, pernyataan manakah yang paling sesuai dengan pendapat B/I/S?",Base : Semua responden (n : xx)
PARTISIPASI AKTIF PEMILIH DALAM PEMANTAUAN PEMILU,SSQ136A_NEW,77,"Ada orang yang merasa bahwa Pileg/Pemilihan Legislatif/Pemilihan DPR & DPD di April 2014 berlangsung bebas, jujur dan adil. Sementara itu ada pula yang merasa bahwa Pileg/Pemilihan Legislatif/Pemilihan DPR & DPD di April 2014 tidak berlangsung bebas, jujur dan adil dan sebagian lagi menyatakan tidak pasti atau tidak yakin. Bagaimana dengan B/I/S, pernyataan manakah yang paling sesuai dengan pendapat B/I/S?",Base : Semua responden (n : xx)
PARTISIPASI AKTIF PEMILIH DALAM PEMANTAUAN PEMILU,SSQ136B_NEW,79,"Ada orang yang merasa bahwa Pilpres (Pemilihan Presiden) di Juli 2014 berlangsung bebas, jujur dan adil. Sementara itu ada pula yang merasa bahwa Pilpres (Pemilihan Presiden) di Juli 2014tidak berlangsung bebas, jujur dan adil dan sebagian lagi menyatakan tidak pasti atau tidak yakin. Bagaimana dengan B/I/S, pernyataan manakah yang paling sesuai dengan pendapat B/I/S?",Base : Semua responden (n : xx)
PARTISIPASI AKTIF PEMILIH DALAM PEMANTAUAN PEMILU,SSQ138_BASE,82,(Hasil perolehan suara pada Pemilu/Pemilukada yang dikeluarkan oleh lembaga KPU/KPUD benar-benar menggambarkan hasil pilihan masyarakat di TPS) Sebutkan tingkat kesetujuan B/I/S terhadap pernyataan tersebut,Base : Semua responden (n : xx)
PARTISIPASI AKTIF PEMILIH DALAM PEMANTAUAN PEMILU,SMQ138A_NEW,81a,(Hasil perolehan suara pada Pileg/Pemilihan Legislatif/Pemilihan DPR & DPD di April 2014 yang dikeluarkan oleh lembaga KPU/KPUD benar-benar menggambarkan hasil pilihan masyarakat di TPS) Sebutkan tingkat kesetujuan B/I/S terhadap pernyataan tersebut,Base : Semua responden (n : xx)
PARTISIPASI AKTIF PEMILIH DALAM PEMANTAUAN PEMILU,SMQ138B_NEW,81b,(Hasil perolehan suara pada Pilpres (Pemilihan Presiden) di Juli 2014 yang dikeluarkan oleh lembaga KPU/KPUD benar-benar menggambarkan hasil pilihan masyarakat di TPS) Sebutkan tingkat kesetujuan B/I/S terhadap pernyataan tersebut,Base : Semua responden (n : xx)
PARTISIPASI AKTIF PEMILIH DALAM PEMANTAUAN PEMILU,SSQ140_NEW,82,"Apakah B/I/S percaya bahwa hasil Quick Count bisa menggambarkan hasil sebenarnya dari Pemilu secara tepat, atau tidak?",Base : Semua responden (n : xx)
KEBUTUHAN INFORMASI,SSQ155_NEW,83,"Terlepas dari siapakah Capres dan Cawapres yang terpilih, masalah apakah yang menurut B/I/S paling mendesak untuk segera diselesaikan bagi bangsa ini?",Base : Semua responden (n : xx)
MEDIA HABIT (TERMASUK MEDIA SOSIAL),SMQ155a,84a,(Menonton TV) Seberapa sering B/I/S...,Base : Semua responden (n : xx)
MEDIA HABIT (TERMASUK MEDIA SOSIAL),SMQ155b,84b,(Mendengarkan radio) Seberapa sering B/I/S...,Base : Semua responden (n : xx)
MEDIA HABIT (TERMASUK MEDIA SOSIAL),SMQ155c,84c,(Membaca surat kabar/Koran) Seberapa sering B/I/S...,Base : Semua responden (n : xx)
MEDIA HABIT (TERMASUK MEDIA SOSIAL),SMQ155d,84d,(Membaca majalah/tabloid) Seberapa sering B/I/S...,Base : Semua responden (n : xx)
MEDIA HABIT (TERMASUK MEDIA SOSIAL),SMQ155e,84e,(Mengakses internet) Seberapa sering B/I/S...,Base : Semua responden (n : xx)
MEDIA HABIT (TERMASUK MEDIA SOSIAL),SSQ167_NEW,89,Apakah B/I/S pernah menonton acara DEBAT CAPRES DAN CAWAPRES selama masa kampanye Pilpres (Pemilihan Presiden) di Juli 2014?,Base : Semua responden (n : xx)
MEDIA HABIT (TERMASUK MEDIA SOSIAL),SSQ168_NEW,90,Apakah pilihan B/I/S terhadap calon Presiden dan Wakil Presiden tertentu menjadi berubah setelah menyaksikan DEBAT CAPRES DAN CAWAPRES tersebut?,Base : Semua responden (n : xx)
MEDIA HABIT (TERMASUK MEDIA SOSIAL),SSQ160,91,"Kita beralih ke topik yang berbeda, beberapa orang menggunakan situs media sosial seperti Facebook, Twitter, Whatsap, line, dll di komputer atau di Handphone untuk tetap berkomunikasi dengan orang lain. Apakah B/I/S menggunakan situs media sosial dalam 7 hari terakhir?",Base : Semua responden (n : xx)
MEDIA HABIT (TERMASUK MEDIA SOSIAL),SMQ161a,92a,(Facebook) Pernah B/I/S gunakan dalam 7 hari terakhir ini untuk media sosial?,Base : Responden yang menggunakan media sosial (n : xx)
MEDIA HABIT (TERMASUK MEDIA SOSIAL),SMQ161b,92b,(Twitter) Pernah B/I/S gunakan dalam 7 hari terakhir ini untuk media sosial?,Base : Responden yang menggunakan media sosial (n : xx)
MEDIA HABIT (TERMASUK MEDIA SOSIAL),SMQ161c,92c,(Linked in.com) Pernah B/I/S gunakan dalam 7 hari terakhir ini untuk media sosial?,Base : Responden yang menggunakan media sosial (n : xx)
MEDIA HABIT (TERMASUK MEDIA SOSIAL),SMQ161d,92d,(MySpace) Pernah B/I/S gunakan dalam 7 hari terakhir ini untuk media sosial?,Base : Responden yang menggunakan media sosial (n : xx)
MEDIA HABIT (TERMASUK MEDIA SOSIAL),SMQ161e,92e,(Google+) Pernah B/I/S gunakan dalam 7 hari terakhir ini untuk media sosial?,Base : Responden yang menggunakan media sosial (n : xx)
MEDIA HABIT (TERMASUK MEDIA SOSIAL),SMQ161f,92f,(Deviantart.com) Pernah B/I/S gunakan dalam 7 hari terakhir ini untuk media sosial?,Base : Responden yang menggunakan media sosial (n : xx)
MEDIA HABIT (TERMASUK MEDIA SOSIAL),SMQ161g,92g,(Multiply.com) Pernah B/I/S gunakan dalam 7 hari terakhir ini untuk media sosial?,Base : Responden yang menggunakan media sosial (n : xx)
MEDIA HABIT (TERMASUK MEDIA SOSIAL),SMQ161h_NEW,92h,(Whatsap) Pernah B/I/S gunakan dalam 7 hari terakhir ini untuk media sosial?,Base : Responden yang menggunakan media sosial (n : xx)
MEDIA HABIT (TERMASUK MEDIA SOSIAL),SMQ161i_NEW,92i,(Line) Pernah B/I/S gunakan dalam 7 hari terakhir ini untuk media sosial?,Base : Responden yang menggunakan media sosial (n : xx)
MEDIA HABIT (TERMASUK MEDIA SOSIAL),SSQ162,93,Apakah B/I/S pribadi punya Handphone (yang masih bisa terpakai)?,Base : Semua responden (n : xx)
MEDIA HABIT (TERMASUK MEDIA SOSIAL),SSQ163,94,Apakah B/I/S bisa memberikan informasi mengenai rata-rata pengeluaran bulanan B/I/S untuk pembelian pulsa Handphone? (dalam Rupiah),Base : Responden yang memiliki Handphone (n : xx)
MEDIA HABIT (TERMASUK MEDIA SOSIAL),SSQ164,95,Apakah anggota keluarga lainnya di dalam rumah tangga B/I/S punya Handphone (yang masih bisa terpakai) dimana B/I/S bisa menggunakan atau meng akses nya?,Base : Responden yang tidak memiliki Handphone (n : xx)
MEDIA HABIT (TERMASUK MEDIA SOSIAL),SSQ165,96,"Seberapa besar tingkat ketertarikan B/I/S untuk menerima informasi Pemilu/Pemilukada melalui di Handphone? Kami informasikan bahwa informasi mengenai Pemilu/Pemilukada melalui Handphone ini akan bersifat non partisipan/independen, yaitu tidak akan berasal dari partai politik atau calon tertentu",Base : Responden yang memiliki Handphone (n : xx)
MEDIA HABIT (TERMASUK MEDIA SOSIAL),SSQ169,97,Siapakah calon Presiden yang B/I/S pilih pada Pilpres (Pemilihan Presiden) di Juli 2014?,Base : Responden yang mengikuti Pemilihan Presiden pada Pemilu 2014 (n : xx)
NON VOTING,SMQ191_BASE,12a,"(Anggota DPR (Pusat, Propinsi, Kabupaten/Kotamadya) tahun 2009, yang diikuti oleh partai politik) Apakah B/I/S pernah mengikuti masing-masing pemilihan di bawah ini?",Base : Semua responden (n : xx)
NON VOTING,SMQ192_BASE,13a,"(Anggota DPR (Pusat, Propinsi, Kabupaten/Kotamadya) tahun 2009, yang diikuti oleh partai politik) Sebutkan alasan UTAMA yang menyebabkan B/I/S tidak mengikuti pemilihan tersebut",Base : Responden yang tidak mengikuti pemilihan anggota DPR tahun 2009 (n : xx)
NON VOTING,SMQ193_BASE,14a,"(Anggota DPR (Pusat, Propinsi, Kabupaten/Kotamadya) tahun 2009, yang diikuti oleh partai politik) Mengapa B/I/S malas mengikuti pemilihan tersebut",Base : Responden yang tidak mengikuti pemilihan anggota DPR tahun 2009 karena alasan MALAS (n : xx)
NON VOTING,SMQ194_BASE,12b,(Pemilihan Presiden tahun 2009) Apakah B/I/S pernah mengikuti masing-masing pemilihan di bawah ini?,Base : Semua responden (n : xx)
NON VOTING,SMQ230_BASE,13b,(Pemilihan Presiden tahun 2009) Sebutkan alasan UTAMA yang menyebabkan B/I/S tidak mengikuti pemilihan tersebut,Base : Responden yang tidak mengikuti pemilihan Presiden tahun 2009 (n : xx)
NON VOTING,SMQ196_BASE,14b,(Pemilihan Presiden tahun 2009) Mengapa B/I/S malas mengikuti pemilihan tersebut,Base : Responden yang tidak mengikuti pemilihan Presiden tahun 2009 karena alasan MALAS (n : xx)
NON VOTING,SMQ197_BASE,12c,(Pemilihan Gubernur tahun...) Apakah B/I/S pernah mengikuti masing-masing pemilihan di bawah ini?,Base : Semua responden (n : xx)
NON VOTING,SMQ198_BASE,13c,(Pemilihan Gubernur tahun...) Sebutkan alasan UTAMA yang menyebabkan B/I/S tidak mengikuti pemilihan tersebut,Base : Responden yang tidak mengikuti Gubernur terakhir (n : xx)
NON VOTING,SMQ199_BASE,14c,(Pemilihan Gubernur tahun...) Mengapa B/I/S malas mengikuti pemilihan tersebut,Base : Responden yang tidak mengikuti pemilihan Gubernur terakhir karena alasan MALAS (n : xx)
NON VOTING,SMQ200_BASE,12d,(Pemilihan Bupati/Walikota tahun...) Apakah B/I/S pernah mengikuti masing-masing pemilihan di bawah ini?,Base : Semua responden (n : xx)
NON VOTING,SMQ201_BASE,13d,(Pemilihan Bupati/Walikota tahun...) Sebutkan alasan UTAMA yang menyebabkan B/I/S tidak mengikuti pemilihan tersebut,Base : Responden yang tidak mengikuti Pemilihan Bupati/Walikota terakhir (n : xx)
NON VOTING,SMQ202_BASE,14d,(Pemilihan Bupati/Walikota tahun...) Mengapa B/I/S malas mengikuti pemilihan tersebut,Base : Responden yang tidak mengikuti pemilihan Gubernur/Walikota terakhir karena alasan MALAS (n : xx)
NON VOTING,SSQ203_BASE,24,"Apakah B/I/S tahu mengenai jumlah partai politik yang berhak mengikuti Pemilihan DPR pada tahun 2014 mendatang, atau tidak?",Base : Responden yangpernah mendengar adanya Pemilihan DPR (n : xx)
NON VOTING,SSQ204_BASE,25,"Berdasarkan pengetahuan B/I/S, berapakah jumlah partai politik yang berhak mengikuti Pemilihan DPR pada tahun 2014 mendatang?",Base : Responden yang paham tentang jumlah partai politik yang berhak mengikuti Pemilihan DPR (n : xx)
"PEMAHAMAN, PERSEPSI DAN PRAKTIK TERKAIT DAFTAR PEMILIH",SSQ206_BASE,39,Apakah B/I/S pernah mendengar istilah DAFTAR PEMILIH SEMENTARA (DPS)?,Base : Semua responden (n : xx)
"PEMAHAMAN, PERSEPSI DAN PRAKTIK TERKAIT DAFTAR PEMILIH",SSQ207_BASE,44,"Misalnya B/I/S mengetahui bahwa nama B/I/S tidak terdaftar dalam Daftar Pemilih untuk Pemilu 2014, seberapa besar keinginan B/I/S untuk menanyakan hal tersebut?",Base : Semua responden (n : xx)
"PEMAHAMAN, PERSEPSI DAN PRAKTIK TERKAIT DAFTAR PEMILIH",SSQ208_BASE,45,Mengapa B/I/S tidak punya keinginan untuk menanyakan mengapa nama B/I/S tidak terdaftar dalam Daftar Pemilih untuk Pemilu 2014?,Base : Responden yang tidak punya keinginan untuk menanyakan ketiadaan namanya pada Daftar Pemilih (n : xx)
"PEMAHAMAN, PERSEPSI DAN PRAKTIK TERKAIT DAFTAR PEMILIH",SSQ210_BASE,47,Bagaimanakah perasaan B/I/S jika nama B/I/S tidak terdaftar pada Pemilu 2014?,Base : Semua responden (n : xx)
"PEMAHAMAN, PERSEPSI DAN PRAKTIK TERKAIT DAFTAR PEMILIH",SSQ211_BASE,48,Mengapa B/I/S merasa heran atau marah atau kecewa jika nama B/I/S tidak terdaftar pada Pemilu 2014?,Base : Responden yang merasa heran atau marah atau kecewa jika namanya tidak terdaftar pada Pemilu 2014 (n : xx)
"PEMAHAMAN, PERSEPSI DAN PRAKTIK TERKAIT DAFTAR PEMILIH",SSQ212_BASE,49,"Misalnya B/I/S berada dalam kondisi dimana nama B/I/S tidak terdaftar dalam DAFTAR PEMILIH TETAP (DPT), menurut B/I/S, apakah B/I/S tetap berhak untuk mengikuti pemilihan, atau tidak?",Base : Semua responden (n : xx)
"PEMAHAMAN, PERSEPSI DAN PRAKTIK TERKAIT DAFTAR PEMILIH",SSQ213_BASE,50,"Menurut B/I/S, mengapa B/I/S masih berhak untuk mengikuti pemilihan walaupun nama B/I/S tidak terdaftar pada DAFTAR PEMILIH TETAP (DPT)?",Base : Responden yang memahami bahwa orang yang namanya tidak terdaftar pada DAFATR PEMILIH TETAP masih berhak mengikuti pemilihan (n : xx)
"PEMAHAMAN, PERSEPSI DAN PRAKTIK TERKAIT POLITIK UANG",SSQ214_BASE,57a,"(Uang) Untuk setiap uang/barang/jasa yang DIBERIKAN kepada B/I/S atau keluarga, apakah B/I/S atau keluarga MENERIMA tawaran tersebut, atau tidak?",Base : Responden yang ditawari uang (n : xx)
"PEMAHAMAN, PERSEPSI DAN PRAKTIK TERKAIT POLITIK UANG",SSQ215_BASE,57b,"(Sembako/makanan/minuman) Untuk setiap uang/barang/jasa yang DIBERIKAN kepada B/I/S atau keluarga, apakah B/I/S atau keluarga MENERIMA tawaran tersebut, atau tidak?",Base : Responden yang ditawari Sembako/makanan/minuman (n : xx)
"PEMAHAMAN, PERSEPSI DAN PRAKTIK TERKAIT POLITIK UANG",SSQ216_BASE,57c,"(Kaos/baju/sarung/kerudung) Untuk setiap uang/barang/jasa yang DIBERIKAN kepada B/I/S atau keluarga, apakah B/I/S atau keluarga MENERIMA tawaran tersebut, atau tidak?",Base : Responden yang ditawari Kaos/baju/sarung/kerudung (n : xx)
"PEMAHAMAN, PERSEPSI DAN PRAKTIK TERKAIT POLITIK UANG",SSQ217_BASE,57d,"(Voucher/bon belanja) Untuk setiap uang/barang/jasa yang DIBERIKAN kepada B/I/S atau keluarga, apakah B/I/S atau keluarga MENERIMA tawaran tersebut, atau tidak?",Base : Responden yang ditawari Voucher/bon belanja (n : xx)
"PEMAHAMAN, PERSEPSI DAN PRAKTIK TERKAIT POLITIK UANG",SSQ218_BASE,76,Kami memiliki materi komunikasi mengenai pemberian uang/barang/jasa dari calon/partai politik/tim sukses. Seberapa besar tingkat kepercayaan bahwa PESAN/ISI/INFORMASI dari materi komunikasi tersebut akan mendorong masyarakat untuk TIDAK mengambil uang dari calon/partai politik dan memilih calon buka karena uang/barang,Base : Semua responden (n : xx)
"PEMAHAMAN, PERSEPSI DAN PRAKTIK TERKAIT POLITIK UANG",SSQ219_BASE,77,Kami beritahukan bahwa materi komunikasi mengenai pemberian uang/barang/jasa dari calon/partai politik/tim sukses tersebut saat ini berbentuk STIKER yang bisa ditempel. Seberapa suka B/I/S terhadap penggunaan BENTUK STIKER untuk materi komunikasi tersebut?,Base : Semua responden (n : xx)
PEMAHAMAN TERHADAP CARA MENANDAI SURAT SUARA,SSQ220_BASE,78,"Menurut pemahaman B/I/S, manakah cara yang akan digunakan dalam menandai surat suara pada Pemilu 2014 mendatang?",Base : Semua responden (n : xx)
,SSQ221_BASE,83a,"Menurut B/I/I, apakah masyarakat sebaiknya perlu ikut serta berperan untuk memastikan keakuratan Daftar Pemilih",Base : Semua responden (n : xx)
,SSQ222_BASE,83b,"Menurut B/I/I, apakah masyarakat sebaiknya perlu ikut serta berperan untuk mencegah pemberian uang/barang oleh calon/partai politik/tim sukses",Base : Semua responden (n : xx)
,SSQ223_BASE,83c,"Menurut B/I/I, apakah masyarakat sebaiknya perlu ikut serta berperan untuk mengamati tahap-tahap penghitungan suara",Base : Semua responden (n : xx)
PARTISIPASI AKTIF PEMILIH DALAM PEMANTAUAN PEMILU,SSQ224_BASE,84a,Seberapa besar tingkat ketertarikan B/I/S untuk ikut memantau dalam Pemilu/Pemilukada jika secara sukarela?,Base : Semua responden (n : xx)
PARTISIPASI AKTIF PEMILIH DALAM PEMANTAUAN PEMILU,SSQ225_BASE,84b,Seberapa besar tingkat ketertarikan B/I/S untuk ikut memantau dalam Pemilu/Pemilukada jika dengan mendapatkan kompensasi/pembayaran?,Base : Semua responden (n : xx)
KEBUTUHAN INFORMASI,SSQ226_BASE,85,Seberapa penting bagi B/I/S mengetahui informasi tentang kampanye?,Base : Semua responden (n : xx)
KEBUTUHAN INFORMASI,SSQ229_BASE,88,Informasi apakah yang PALING B/I/S butuhkan mengenai Pemilu tahun 2014?,Base : Semua responden (n : xx)
